,Temp,Humidity,Wind,Precipitation,Pressure
0,19.58,0.64,2.0,rain,1016.1
1,19.58,0.63,2.22,rain,1016.14
2,22.57,0.7,3.21,rain,1016.08
3,22.82,0.67,3.08,rain,1016.1
4,23.07,0.65,3.0,rain,1016.13
5,23.32,0.63,2.96,rain,1016.15
6,23.68,0.6,3.21,rain,1016.17
7,23.78,0.6,3.45,rain,1016.17
8,23.89,0.6,3.69,rain,1016.16
9,24.0,0.59,3.94,rain,1016.16
10,24.14,0.58,3.86,rain,1016.12
11,24.29,0.58,3.78,rain,1016.09
12,24.44,0.57,3.7,rain,1016.06
13,24.58,0.56,3.62,rain,1016.02
14,24.69,0.55,3.69,rain,1015.96
15,24.79,0.55,3.77,rain,1015.91
16,24.89,0.54,3.84,rain,1015.85
17,24.79,0.53,4.0,rain,1015.67
18,24.69,0.52,4.06,rain,1015.6
19,24.58,0.52,4.14,rain,1015.54
20,24.56,0.52,4.64,rain,1015.48
21,24.53,0.52,5.15,rain,1015.43
22,24.5,0.52,5.67,rain,1015.37
23,24.24,0.54,5.65,rain,1015.29
24,24.02,0.56,5.11,rain,1015.25
25,23.79,0.59,4.61,rain,1015.22
26,23.57,0.61,4.15,rain,1015.19
27,23.47,0.63,3.81,rain,1015.19
28,23.36,0.65,3.48,rain,1015.19
29,23.25,0.67,3.15,rain,1015.19
30,23.14,0.69,2.81,rain,1015.2
31,22.75,0.71,2.75,rain,1015.23
32,22.36,0.74,2.7,rain,1015.26
33,21.96,0.76,2.66,rain,1015.3
34,21.07,0.8,1.94,rain,1015.45
35,20.83,0.81,1.74,rain,1015.51
36,20.58,0.81,1.69,rain,1015.57
37,20.37,0.82,1.67,rain,1015.64
38,20.16,0.83,1.65,rain,1015.71
39,19.94,0.84,1.64,rain,1015.78
40,19.73,0.83,1.67,rain,1015.91
41,19.73,0.82,1.73,rain,1015.97
42,19.73,0.8,1.81,rain,1016.03
43,19.73,0.79,1.9,rain,1016.1
44,19.58,0.79,1.75,rain,1016.14
45,19.44,0.78,1.6,rain,1016.18
46,19.29,0.78,1.46,rain,1016.22
47,22.49,0.73,1.92,rain,1016.16
48,22.74,0.74,1.72,rain,1016.19
49,22.99,0.74,1.55,rain,1016.21
50,23.11,0.73,1.47,rain,1016.21
51,23.21,0.72,1.39,rain,1016.2
52,23.32,0.71,1.32,rain,1016.2
53,23.46,0.69,1.26,rain,1016.16
54,23.5,0.68,1.26,rain,1016.13
55,23.53,0.68,1.27,rain,1016.09
56,23.57,0.67,1.27,rain,1016.06
57,23.57,0.68,1.36,rain,1016.0
58,23.57,0.69,1.45,rain,1015.94
59,23.57,0.71,1.54,rain,1015.89
60,23.57,0.72,1.64,rain,1015.83
61,23.72,0.71,1.03,rain,1015.77
62,23.86,0.7,0.85,rain,1015.7
63,24.01,0.7,1.31,rain,1015.64
64,24.08,0.6,2.74,rain,1015.46
65,24.04,0.56,3.41,rain,1015.41
66,24.0,0.51,4.16,rain,1015.35
67,24.0,0.54,4.07,rain,1015.32
68,24.0,0.57,3.99,rain,1015.29
69,24.0,0.59,3.9,rain,1015.26
70,23.87,0.6,3.74,rain,1015.23
71,23.73,0.59,3.68,rain,1015.23
72,23.59,0.57,3.63,rain,1015.23
73,23.46,0.55,3.6,rain,1015.23
74,23.09,0.58,3.17,rain,1015.27
75,22.73,0.6,2.75,rain,1015.3
76,22.36,0.63,2.35,rain,1015.34
77,21.99,0.65,1.98,rain,1015.37
78,21.89,0.66,1.72,rain,1015.43
79,21.78,0.66,1.46,rain,1015.49
80,21.67,0.66,1.21,rain,1015.55
81,21.07,0.69,1.39,rain,1015.74
82,20.83,0.7,1.6,rain,1015.81
83,20.58,0.71,1.82,rain,1015.88
84,20.72,0.7,1.49,rain,1015.95
85,20.86,0.7,1.21,rain,1016.01
86,21.01,0.69,1.03,rain,1016.07
87,20.9,0.7,0.93,rain,1016.18
88,20.65,0.71,0.89,rain,1016.22
89,22.99,0.61,1.72,rain,1016.15
90,23.11,0.6,1.73,rain,1016.17
91,23.21,0.59,1.77,rain,1016.2
92,23.32,0.58,1.82,rain,1016.23
93,23.21,0.58,2.53,rain,1016.24
94,23.11,0.59,3.04,rain,1016.24
95,22.99,0.59,3.6,rain,1016.23
96,23.24,0.6,3.5,rain,1016.2
97,23.5,0.6,3.42,rain,1016.16
98,23.75,0.61,3.33,rain,1016.13
99,24.12,0.61,1.33,rain,1016.04
100,24.24,0.6,0.77,rain,1015.98
101,24.36,0.6,2.66,rain,1015.92
102,24.47,0.59,4.6,rain,1015.86
103,23.97,0.61,4.37,rain,1015.8
104,23.47,0.63,4.21,rain,1015.74
105,22.96,0.65,4.12,rain,1015.67
106,22.46,0.67,4.1,rain,1015.61
107,22.06,0.69,3.15,rain,1015.55
108,21.66,0.72,2.29,rain,1015.5
109,21.26,0.74,1.66,rain,1015.44
110,20.85,0.75,0.8,rain,1015.33
111,20.85,0.75,0.41,rain,1015.29
112,20.85,0.74,0.03,rain,1015.26
113,20.74,0.75,0.35,rain,1015.26
114,20.64,0.75,0.68,rain,1015.27
115,20.53,0.76,1.01,rain,1015.27
116,20.32,0.78,1.25,rain,1015.3
117,20.22,0.79,1.31,rain,1015.34
118,20.11,0.8,1.48,rain,1015.37
119,20.01,0.81,1.74,rain,1015.41
120,19.86,0.82,1.71,rain,1015.47
121,19.72,0.82,1.68,rain,1015.52
122,19.57,0.82,1.65,rain,1015.58
123,19.43,0.82,1.61,rain,1015.64
124,19.32,0.83,0.9,rain,1015.71
125,19.22,0.84,0.18,rain,1015.78
126,19.11,0.85,0.53,rain,1015.85
127,19.0,0.85,1.14,rain,1016.05
128,19.0,0.84,1.12,rain,1016.11
129,19.0,0.84,1.1,rain,1016.17
130,19.64,0.82,0.89,rain,1016.21
131,20.28,0.81,0.68,rain,1016.25
132,20.91,0.79,0.47,rain,1016.29
133,20.01,0.82,3.75,rain,1016.19
134,19.79,0.84,3.01,rain,1016.21
135,19.58,0.86,2.4,rain,1016.24
136,19.37,0.88,2.01,rain,1016.26
137,19.15,0.91,1.99,rain,1016.29
138,19.01,0.91,2.19,rain,1016.28
139,18.86,0.92,2.46,rain,1016.28
140,18.72,0.93,2.76,rain,1016.27
141,19.58,0.87,2.29,rain,1016.2
142,20.08,0.83,1.9,rain,1016.16
143,20.58,0.8,1.5,rain,1016.13
144,20.58,0.79,1.62,rain,1016.07
145,20.58,0.79,1.95,rain,1016.01
146,20.58,0.78,2.4,rain,1015.96
147,20.72,0.78,3.0,rain,1015.83
148,20.86,0.78,3.15,rain,1015.77
149,21.01,0.79,3.35,rain,1015.71
150,21.14,0.79,3.6,rain,1015.64
151,21.14,0.8,3.04,rain,1015.59
152,21.14,0.81,2.49,rain,1015.53
153,21.14,0.82,1.96,rain,1015.48
154,21.14,0.82,1.45,rain,1015.42
155,20.61,0.87,0.7,rain,1015.39
156,20.07,0.91,0.32,rain,1015.36
157,19.54,0.96,0.97,rain,1015.33
158,19.0,0.97,0.41,rain,1015.3
159,19.0,0.95,1.37,rain,1015.3
160,19.0,0.93,2.39,rain,1015.3
161,18.89,0.93,2.31,rain,1015.34
162,18.79,0.93,2.24,rain,1015.37
163,18.68,0.93,2.18,rain,1015.41
164,18.58,0.92,2.14,rain,1015.5
165,18.58,0.91,2.17,rain,1015.56
166,18.58,0.91,2.21,rain,1015.62
167,18.58,0.9,2.26,rain,1015.68
168,18.47,0.9,1.93,rain,1015.75
169,18.36,0.9,1.62,rain,1015.82
170,18.26,0.9,1.33,rain,1015.89
171,18.15,0.9,1.07,rain,1015.96
172,17.9,0.91,0.81,rain,1016.02
173,17.65,0.93,0.69,rain,1016.08
174,17.4,0.94,0.77,rain,1016.15
175,18.08,0.89,1.8,rain,1016.29
176,21.78,0.61,3.36,rain,1016.25
177,21.71,0.63,4.15,rain,1016.27
178,21.64,0.65,4.96,rain,1016.3
179,21.57,0.67,5.78,rain,1016.32
180,21.92,0.66,5.57,rain,1016.32
181,22.28,0.65,5.36,rain,1016.31
182,22.64,0.64,5.17,rain,1016.31
183,22.99,0.64,4.98,rain,1016.3
184,22.89,0.63,4.95,rain,1016.27
185,22.78,0.63,4.92,rain,1016.23
186,22.68,0.63,4.91,rain,1016.2
187,22.86,0.61,4.42,rain,1016.05
188,23.0,0.6,4.36,rain,1015.99
189,23.14,0.58,4.43,rain,1015.93
190,23.04,0.58,3.93,rain,1015.87
191,22.93,0.58,3.43,rain,1015.8
192,22.82,0.58,2.93,rain,1015.74
193,22.68,0.58,2.3,rain,1015.62
194,22.64,0.58,2.23,rain,1015.57
195,22.61,0.58,2.22,rain,1015.51
196,22.57,0.57,2.28,rain,1015.46
197,22.32,0.59,1.99,rain,1015.43
198,22.07,0.61,1.88,rain,1015.39
199,21.82,0.64,1.98,rain,1015.36
200,21.57,0.66,2.26,rain,1015.33
201,21.07,0.72,1.88,rain,1015.33
202,20.57,0.78,1.71,rain,1015.34
203,20.08,0.84,1.81,rain,1015.34
204,18.15,0.95,2.39,rain,1015.41
205,17.44,0.98,2.71,rain,1015.44
206,16.72,1.0,3.12,rain,1015.48
207,16.47,1.0,2.33,rain,1015.54
208,16.22,0.99,1.87,rain,1015.6
209,15.97,0.99,1.98,rain,1015.66
210,15.83,0.97,1.83,rain,1015.79
211,15.93,0.97,1.36,rain,1015.86
212,16.04,0.96,1.52,rain,1015.92
213,16.14,0.95,2.17,rain,1015.99
214,16.26,0.95,1.92,rain,1016.06
215,16.36,0.95,1.75,rain,1016.12
216,16.47,0.95,1.68,rain,1016.18
217,16.57,0.95,1.72,rain,1016.24
218,16.57,0.95,1.51,rain,1016.28
219,16.57,0.95,1.39,rain,1016.32
220,21.99,0.66,3.19,rain,1016.26
221,22.1,0.67,3.38,rain,1016.28
222,22.21,0.68,3.61,rain,1016.31
223,22.31,0.69,3.86,rain,1016.33
224,22.53,0.7,4.28,rain,1016.35
225,22.63,0.7,4.43,rain,1016.35
226,22.74,0.7,4.59,rain,1016.34
227,22.85,0.7,4.74,rain,1016.33
228,22.74,0.71,4.53,rain,1016.3
229,22.63,0.72,4.33,rain,1016.26
230,22.53,0.73,4.16,rain,1016.23
231,22.42,0.74,4.01,rain,1016.19
232,22.42,0.73,3.85,rain,1016.14
233,22.42,0.72,3.69,rain,1016.08
234,22.42,0.71,3.54,rain,1016.02
235,22.63,0.67,4.57,rain,1015.84
236,22.74,0.66,5.18,rain,1015.77
237,22.85,0.64,5.79,rain,1015.71
238,22.85,0.64,5.32,rain,1015.65
239,22.85,0.64,4.85,rain,1015.6
240,22.85,0.64,4.37,rain,1015.54
241,23.03,0.65,4.15,rain,1015.46
242,23.21,0.66,4.43,rain,1015.43
243,23.39,0.67,4.73,rain,1015.4
244,23.57,0.68,5.05,rain,1015.37
245,23.18,0.72,4.74,rain,1015.37
246,22.78,0.76,4.48,rain,1015.37
247,22.39,0.79,4.27,rain,1015.37
248,21.99,0.83,4.11,rain,1015.37
249,21.99,0.83,4.1,rain,1015.41
250,21.99,0.83,4.11,rain,1015.44
251,21.99,0.83,4.15,rain,1015.48
252,21.78,0.87,3.9,rain,1015.63
253,21.67,0.89,3.74,rain,1015.69
254,21.57,0.91,3.58,rain,1015.75
255,21.57,0.9,3.7,rain,1015.82
256,21.57,0.89,3.81,rain,1015.89
257,21.57,0.88,3.93,rain,1015.96
258,21.67,0.88,4.29,rain,1016.09
259,21.78,0.88,4.53,rain,1016.15
260,21.89,0.88,4.78,rain,1016.22
261,21.99,0.88,5.02,rain,1016.28
262,21.89,0.88,4.94,rain,1016.32
263,21.78,0.88,4.86,rain,1016.36
264,21.67,0.88,4.8,rain,1016.4
265,21.57,0.88,4.74,rain,1016.44
266,20.54,0.87,1.92,rain,1016.14
267,20.43,0.85,1.24,rain,1016.08
268,20.32,0.82,0.56,rain,1016.02
269,20.21,0.79,0.13,rain,1015.96
270,20.14,0.79,0.14,rain,1015.91
271,20.09,0.79,0.15,rain,1015.85
272,20.03,0.79,0.16,rain,1015.8
273,22.57,0.73,0.82,rain,1016.34
274,22.57,0.74,0.36,rain,1016.37
275,22.57,0.75,0.46,rain,1016.39
276,22.71,0.74,1.31,rain,1016.38
277,22.86,0.72,2.35,rain,1016.38
278,23.0,0.71,3.4,rain,1016.37
279,23.14,0.68,4.59,rain,1016.33
280,23.14,0.67,4.72,rain,1016.3
281,23.14,0.66,4.85,rain,1016.26
282,23.14,0.65,4.98,rain,1016.23
283,23.25,0.65,4.97,rain,1016.17
284,23.36,0.65,4.95,rain,1016.11
285,23.47,0.66,4.94,rain,1016.06
286,23.57,0.66,4.93,rain,1016.0
287,23.57,0.65,4.65,rain,1015.93
288,23.57,0.64,4.39,rain,1015.87
289,23.57,0.63,4.14,rain,1015.81
290,22.86,0.67,4.18,rain,1015.63
291,22.5,0.69,4.32,rain,1015.58
292,22.14,0.72,4.47,rain,1015.52
293,22.25,0.7,4.55,rain,1015.49
294,22.36,0.69,4.63,rain,1015.46
295,22.46,0.67,4.7,rain,1015.43
296,22.29,0.67,4.73,rain,1015.4
297,22.01,0.68,4.68,rain,1015.4
298,21.73,0.7,4.63,rain,1015.41
299,21.46,0.71,4.6,rain,1015.41
300,21.38,0.69,4.25,rain,1015.44
301,21.3,0.67,3.89,rain,1015.48
302,21.22,0.65,3.55,rain,1015.51
303,21.14,0.62,3.21,rain,1015.55
304,20.76,0.64,2.32,rain,1015.61
305,20.36,0.66,1.47,rain,1015.67
306,19.97,0.67,0.77,rain,1015.73
307,19.08,0.71,0.3,rain,1015.93
308,18.83,0.72,0.42,rain,1016.0
309,18.58,0.73,0.72,rain,1016.06
310,18.61,0.74,0.72,rain,1016.13
311,18.65,0.75,0.72,rain,1016.19
312,18.69,0.75,0.72,rain,1016.25
313,18.58,0.78,0.41,rain,1016.35
314,18.44,0.79,0.31,rain,1016.39
315,18.29,0.8,0.55,rain,1016.43
316,22.07,0.69,2.69,rain,1016.28
317,22.42,0.68,2.82,rain,1016.33
318,22.82,0.65,2.79,rain,1016.35
319,23.21,0.62,2.77,rain,1016.37
320,23.61,0.6,2.74,rain,1016.4
321,24.21,0.55,2.67,rain,1016.41
322,24.32,0.53,2.71,rain,1016.41
323,24.42,0.52,2.79,rain,1016.4
324,24.42,0.52,2.95,rain,1016.37
325,24.42,0.52,3.14,rain,1016.33
326,24.42,0.52,3.34,rain,1016.29
327,24.67,0.52,3.5,rain,1016.2
328,24.93,0.51,3.43,rain,1016.14
329,25.18,0.51,3.38,rain,1016.09
330,25.43,0.51,3.33,rain,1016.03
331,25.18,0.51,3.24,rain,1015.97
332,24.93,0.52,3.15,rain,1015.9
333,24.67,0.53,3.07,rain,1015.84
334,24.42,0.54,3.0,rain,1015.77
335,24.46,0.53,3.18,rain,1015.72
336,24.5,0.53,3.37,rain,1015.66
337,24.54,0.52,3.55,rain,1015.61
338,24.58,0.52,3.59,rain,1015.49
339,24.58,0.53,3.52,rain,1015.46
340,24.58,0.53,3.45,rain,1015.43
341,24.18,0.55,3.1,rain,1015.44
342,23.79,0.57,2.76,rain,1015.44
343,23.39,0.59,2.43,rain,1015.44
344,22.64,0.63,1.98,rain,1015.48
345,22.28,0.64,1.86,rain,1015.51
346,21.92,0.66,1.76,rain,1015.55
347,21.57,0.68,1.69,rain,1015.58
348,21.21,0.7,1.46,rain,1015.64
349,20.86,0.71,1.29,rain,1015.7
350,20.51,0.73,1.18,rain,1015.76
351,20.16,0.74,1.14,rain,1015.82
352,19.91,0.75,1.1,rain,1015.89
353,19.66,0.76,1.06,rain,1015.96
354,19.4,0.76,1.03,rain,1016.03
355,19.37,0.77,1.15,rain,1016.22
356,19.47,0.77,1.23,rain,1016.29
357,19.58,0.78,1.31,rain,1016.35
358,19.47,0.78,1.31,rain,1016.39
359,19.37,0.79,1.31,rain,1016.43
360,19.26,0.79,1.32,rain,1016.47
361,21.99,0.66,2.82,rain,1016.36
362,22.14,0.65,3.06,rain,1016.38
363,22.28,0.64,3.29,rain,1016.41
364,22.42,0.63,3.54,rain,1016.43
365,22.57,0.62,3.79,rain,1016.46
366,22.57,0.62,3.59,rain,1016.45
367,22.57,0.63,3.4,rain,1016.44
368,22.57,0.63,3.22,rain,1016.44
369,23.07,0.61,3.01,rain,1016.36
370,23.32,0.59,3.06,rain,1016.33
371,23.57,0.58,3.16,rain,1016.29
372,23.57,0.59,2.86,rain,1016.23
373,23.57,0.59,2.59,rain,1016.18
374,23.57,0.6,2.36,rain,1016.12
375,23.43,0.63,2.06,rain,1016.0
376,23.28,0.65,1.94,rain,1015.93
377,23.14,0.67,1.85,rain,1015.87
378,22.99,0.7,1.77,rain,1015.8
379,22.99,0.7,1.64,rain,1015.75
380,22.99,0.7,1.51,rain,1015.7
381,22.99,0.7,1.39,rain,1015.64
382,22.99,0.7,1.27,rain,1015.59
383,22.89,0.71,0.97,rain,1015.56
384,22.78,0.72,0.76,rain,1015.53
385,22.68,0.72,0.72,rain,1015.5
386,22.01,0.72,1.61,rain,1015.47
387,21.73,0.72,2.09,rain,1015.47
388,21.46,0.71,2.6,rain,1015.48
389,21.24,0.75,1.98,rain,1015.51
390,21.02,0.79,1.35,rain,1015.55
391,20.8,0.82,0.75,rain,1015.58
392,20.22,0.87,0.33,rain,1015.68
393,19.87,0.88,0.56,rain,1015.74
394,19.51,0.89,0.85,rain,1015.8
395,19.15,0.91,1.15,rain,1015.85
396,19.15,0.91,1.22,rain,1015.92
397,19.15,0.91,1.3,rain,1015.99
398,19.15,0.91,1.37,rain,1016.06
399,19.15,0.91,1.44,rain,1016.13
400,19.15,0.89,1.27,rain,1016.19
401,19.15,0.88,1.13,rain,1016.26
402,19.15,0.87,1.04,rain,1016.32
403,18.65,0.87,0.47,rain,1016.46
404,18.4,0.88,0.34,rain,1016.5
405,21.14,0.76,1.73,rain,1016.42
406,21.28,0.76,1.96,rain,1016.44
407,21.43,0.77,2.2,rain,1016.46
408,21.57,0.77,2.44,rain,1016.49
409,21.67,0.76,1.7,rain,1016.48
410,21.78,0.74,0.98,rain,1016.48
411,21.89,0.72,0.39,rain,1016.47
412,21.99,0.71,0.69,rain,1016.47
413,22.14,0.69,0.72,rain,1016.43
414,22.28,0.68,1.86,rain,1016.39
415,22.42,0.67,3.04,rain,1016.36
416,22.57,0.64,4.1,rain,1016.21
417,22.57,0.63,4.03,rain,1016.15
418,22.57,0.62,3.96,rain,1016.09
419,22.68,0.64,3.99,rain,1016.03
420,22.78,0.65,4.02,rain,1015.96
421,22.89,0.66,4.05,rain,1015.9
422,22.99,0.67,4.23,rain,1015.78
423,22.99,0.67,4.38,rain,1015.73
424,22.99,0.67,4.52,rain,1015.67
425,22.99,0.67,4.67,rain,1015.62
426,22.74,0.68,4.47,rain,1015.59
427,22.49,0.69,4.26,rain,1015.56
428,22.24,0.7,4.07,rain,1015.53
429,21.99,0.71,3.87,rain,1015.5
430,21.74,0.72,3.69,rain,1015.5
431,21.49,0.74,3.52,rain,1015.5
432,21.25,0.75,3.34,rain,1015.51
433,20.79,0.77,2.76,rain,1015.58
434,20.68,0.78,2.55,rain,1015.61
435,20.58,0.79,2.36,rain,1015.65
436,20.22,0.8,1.78,rain,1015.71
437,19.87,0.82,1.21,rain,1015.77
438,19.51,0.83,0.64,rain,1015.83
439,19.15,0.85,0.36,rain,1015.96
440,19.15,0.85,0.73,rain,1016.03
441,19.15,0.85,1.12,rain,1016.1
442,19.15,0.85,1.5,rain,1016.17
443,19.01,0.85,1.06,rain,1016.23
444,18.86,0.85,0.63,rain,1016.29
445,18.72,0.86,0.21,rain,1016.35
446,18.58,0.86,0.3,rain,1016.41
447,18.47,0.86,0.3,rain,1016.45
448,18.36,0.87,0.3,rain,1016.49
449,18.26,0.88,0.3,rain,1016.53
450,21.0,0.78,1.75,rain,1016.42
451,21.41,0.73,2.21,rain,1016.45
452,21.82,0.68,2.67,rain,1016.47
453,22.24,0.63,3.13,rain,1016.5
454,22.63,0.59,3.72,rain,1016.51
455,22.61,0.6,3.85,rain,1016.51
456,22.59,0.6,3.98,rain,1016.5
457,22.57,0.61,4.1,rain,1016.5
458,22.57,0.63,4.35,rain,1016.46
459,22.57,0.65,4.59,rain,1016.42
460,22.57,0.66,4.83,rain,1016.39
461,22.57,0.68,5.07,rain,1016.35
462,22.57,0.68,5.0,rain,1016.3
463,22.57,0.68,4.94,rain,1016.24
464,22.57,0.68,4.87,rain,1016.18
465,22.49,0.7,4.69,rain,1015.99
466,22.46,0.71,4.64,rain,1015.93
467,22.42,0.72,4.58,rain,1015.87
468,22.17,0.74,4.71,rain,1015.81
469,21.92,0.75,4.83,rain,1015.76
470,21.68,0.76,4.96,rain,1015.7
471,21.46,0.79,5.0,rain,1015.62
472,21.49,0.79,4.9,rain,1015.59
473,21.53,0.8,4.81,rain,1015.56
474,21.57,0.8,4.71,rain,1015.53
475,21.82,0.77,3.38,rain,1015.53
476,22.06,0.74,2.04,rain,1015.53
477,22.31,0.72,0.73,rain,1015.54
478,22.56,0.69,0.68,rain,1015.54
479,22.04,0.73,0.73,rain,1015.58
480,21.52,0.77,1.81,rain,1015.61
481,20.99,0.81,2.95,rain,1015.65
482,19.47,0.86,2.67,rain,1015.8
483,18.97,0.86,2.02,rain,1015.86
484,18.47,0.86,1.5,rain,1015.92
485,18.78,0.85,1.49,rain,1015.99
486,19.09,0.85,1.5,rain,1016.06
487,19.41,0.85,1.53,rain,1016.13
488,19.58,0.86,1.95,rain,1016.26
489,19.44,0.87,2.44,rain,1016.32
490,19.29,0.87,3.0,rain,1016.38
491,19.15,0.88,3.6,rain,1016.45
492,19.04,0.88,2.92,rain,1016.49
493,18.94,0.88,2.25,rain,1016.53
494,21.49,0.77,4.21,rain,1016.5
495,21.74,0.76,4.77,rain,1016.53
496,21.99,0.75,5.33,rain,1016.55
497,21.89,0.76,5.61,rain,1016.55
498,21.78,0.77,5.88,rain,1016.54
499,21.67,0.77,6.16,rain,1016.53
500,21.57,0.78,6.35,rain,1016.49
501,21.57,0.78,6.27,rain,1016.45
502,21.57,0.77,6.18,rain,1016.42
503,21.57,0.77,6.1,rain,1016.38
504,21.67,0.78,5.89,rain,1016.33
505,21.78,0.78,5.68,rain,1016.27
506,21.89,0.78,5.47,rain,1016.21
507,21.99,0.79,5.27,rain,1016.15
508,22.1,0.78,5.5,rain,1016.09
509,22.21,0.77,5.75,rain,1016.02
510,22.31,0.77,6.01,rain,1015.96
511,22.49,0.76,6.35,rain,1015.79
512,22.53,0.76,6.38,rain,1015.73
513,22.57,0.76,6.42,rain,1015.68
514,22.34,0.77,6.07,rain,1015.65
515,22.11,0.78,5.73,rain,1015.62
516,21.88,0.79,5.4,rain,1015.59
517,21.36,0.79,5.04,rain,1015.56
518,21.06,0.78,5.02,rain,1015.57
519,20.77,0.77,5.04,rain,1015.57
520,20.47,0.76,5.09,rain,1015.57
521,20.81,0.75,3.71,rain,1015.61
522,21.14,0.74,2.33,rain,1015.64
523,21.48,0.73,0.97,rain,1015.68
524,21.82,0.72,0.55,rain,1015.71
525,21.4,0.76,0.28,rain,1015.77
526,20.99,0.8,0.92,rain,1015.83
527,20.57,0.84,1.6,rain,1015.89
528,19.66,0.88,1.83,rain,1016.09
529,19.4,0.88,1.6,rain,1016.16
530,19.15,0.88,1.36,rain,1016.23
531,19.15,0.89,1.22,rain,1016.29
532,19.15,0.9,1.07,rain,1016.35
533,19.15,0.91,0.93,rain,1016.42
534,19.15,0.91,0.92,rain,1016.52
535,19.15,0.91,1.06,rain,1016.56
536,20.58,0.85,3.93,rain,1016.49
537,20.33,0.87,3.74,rain,1016.51
538,20.08,0.88,3.55,rain,1016.53
539,19.83,0.89,3.38,rain,1016.56
540,20.29,0.85,2.66,rain,1016.57
541,20.64,0.83,2.38,rain,1016.56
542,21.0,0.8,2.11,rain,1016.56
543,21.36,0.78,2.27,rain,1016.52
544,21.71,0.76,2.44,rain,1016.48
545,22.07,0.75,2.61,rain,1016.45
546,22.07,0.75,3.11,rain,1016.35
547,21.71,0.78,3.47,rain,1016.3
548,21.36,0.81,3.84,rain,1016.24
549,21.0,0.84,4.22,rain,1016.18
550,20.79,0.83,3.64,rain,1016.12
551,20.58,0.82,3.06,rain,1016.05
552,20.37,0.81,2.49,rain,1015.99
553,20.16,0.81,1.94,rain,1015.93
554,20.01,0.81,1.6,rain,1015.87
555,19.87,0.82,1.62,rain,1015.82
556,19.72,0.83,1.98,rain,1015.76
557,19.29,0.86,1.27,rain,1015.65
558,19.14,0.88,0.63,rain,1015.62
559,19.0,0.89,0.0,rain,1015.59
560,18.87,0.9,0.38,rain,1015.59
561,18.73,0.9,0.75,rain,1015.6
562,18.6,0.91,1.13,rain,1015.6
563,18.35,0.92,1.2,rain,1015.64
564,18.23,0.93,0.91,rain,1015.67
565,18.12,0.93,0.68,rain,1015.71
566,18.0,0.94,0.55,rain,1015.74
567,18.04,0.92,0.29,rain,1015.8
568,18.08,0.9,0.98,rain,1015.86
569,18.11,0.88,1.71,rain,1015.92
570,18.15,0.86,2.44,rain,1015.98
571,18.26,0.85,2.1,rain,1016.05
572,18.36,0.84,1.75,rain,1016.12
573,18.47,0.82,1.4,rain,1016.19
574,18.36,0.79,1.28,rain,1016.39
575,18.26,0.78,1.39,rain,1016.45
576,18.15,0.77,1.5,rain,1016.51
577,17.9,0.81,0.68,rain,1016.55
578,17.65,0.84,0.26,rain,1016.59
579,17.4,0.87,1.03,rain,1016.63
580,20.58,0.75,1.75,rain,1016.52
581,20.83,0.73,1.65,rain,1016.54
582,21.07,0.72,1.56,rain,1016.57
583,21.32,0.7,1.48,rain,1016.59
584,21.57,0.69,1.42,rain,1016.61
585,21.61,0.68,0.81,rain,1016.61
586,21.64,0.67,0.56,rain,1016.6
587,21.68,0.67,1.0,rain,1016.59
588,21.72,0.66,1.64,rain,1016.59
589,21.72,0.66,2.07,rain,1016.55
590,21.72,0.65,2.53,rain,1016.51
591,21.72,0.64,2.99,rain,1016.48
592,21.72,0.64,3.46,rain,1016.44
593,22.21,0.61,3.86,rain,1016.38
594,22.69,0.58,4.27,rain,1016.33
595,23.17,0.54,4.68,rain,1016.27
596,23.65,0.51,5.09,rain,1016.21
597,23.27,0.54,4.62,rain,1016.15
598,22.89,0.56,4.18,rain,1016.08
599,22.52,0.59,3.8,rain,1016.02
600,22.14,0.61,3.46,rain,1015.95
601,21.93,0.64,3.9,rain,1015.9
602,21.72,0.66,4.34,rain,1015.85
603,21.51,0.69,4.79,rain,1015.79
604,21.29,0.71,5.24,rain,1015.74
605,21.26,0.71,5.28,rain,1015.71
606,21.22,0.7,5.32,rain,1015.68
607,21.18,0.7,5.37,rain,1015.65
608,21.14,0.7,5.42,rain,1015.62
609,20.9,0.71,4.77,rain,1015.62
610,20.65,0.72,4.13,rain,1015.63
611,20.4,0.73,3.49,rain,1015.63
612,20.16,0.74,2.85,rain,1015.63
613,20.28,0.74,2.64,rain,1015.67
614,20.41,0.74,2.45,rain,1015.7
615,20.53,0.75,2.26,rain,1015.74
616,20.66,0.75,2.1,rain,1015.78
617,20.39,0.76,2.05,rain,1015.84
618,20.12,0.78,2.03,rain,1015.9
619,19.85,0.8,2.02,rain,1015.96
620,19.58,0.82,2.03,rain,1016.02
621,19.22,0.84,1.29,rain,1016.08
622,18.87,0.86,0.59,rain,1016.15
623,18.51,0.88,0.4,rain,1016.22
624,18.15,0.91,1.06,rain,1016.29
625,18.15,0.91,0.76,rain,1016.35
626,18.15,0.92,0.46,rain,1016.42
627,18.15,0.92,0.16,rain,1016.48
628,18.15,0.93,0.15,rain,1016.54
629,18.15,0.92,0.25,rain,1016.58
630,18.15,0.92,0.63,rain,1016.62
631,18.15,0.91,1.02,rain,1016.66
632,17.15,0.96,0.89,rain,1016.55
633,17.15,0.97,0.67,rain,1016.57
634,17.15,0.98,0.45,rain,1016.6
635,17.15,0.98,0.22,rain,1016.62
636,17.15,0.99,0.0,rain,1016.64
637,17.48,0.99,0.52,rain,1016.64
638,17.81,0.98,1.05,rain,1016.63
639,18.14,0.98,1.57,rain,1016.62
640,18.47,0.97,2.1,rain,1016.62
641,18.49,0.95,2.14,rain,1016.58
642,18.52,0.92,2.18,rain,1016.54
643,18.55,0.9,2.22,rain,1016.51
644,18.58,0.87,2.26,rain,1016.47
645,18.59,0.88,2.13,rain,1016.41
646,18.62,0.89,2.05,rain,1016.35
647,18.63,0.89,2.04,rain,1016.3
648,18.66,0.9,2.1,rain,1016.24
649,18.63,0.89,2.17,rain,1016.18
650,18.62,0.89,2.31,rain,1016.11
651,18.59,0.88,2.49,rain,1016.05
652,18.58,0.87,2.72,rain,1015.98
653,18.58,0.87,2.47,rain,1015.93
654,18.58,0.87,2.24,rain,1015.87
655,18.58,0.87,2.02,rain,1015.82
656,18.58,0.87,1.81,rain,1015.77
657,18.47,0.88,1.52,rain,1015.74
658,18.36,0.88,1.22,rain,1015.71
659,18.26,0.89,0.94,rain,1015.68
660,18.15,0.9,0.67,rain,1015.65
661,17.65,0.92,0.91,rain,1015.65
662,17.15,0.95,1.15,rain,1015.65
663,16.65,0.97,1.39,rain,1015.66
664,16.14,1.0,1.63,rain,1015.66
665,16.14,1.0,1.34,rain,1015.7
666,16.14,1.0,1.05,rain,1015.73
667,16.14,0.99,0.78,rain,1015.77
668,16.14,0.99,0.53,rain,1015.81
669,16.14,0.98,0.73,rain,1015.87
670,16.14,0.97,0.96,rain,1015.93
671,16.14,0.96,1.21,rain,1015.99
672,16.14,0.95,1.46,rain,1016.05
673,16.14,0.95,1.51,rain,1016.11
674,16.14,0.95,1.56,rain,1016.18
675,16.14,0.95,1.62,rain,1016.25
676,16.14,0.95,1.68,rain,1016.32
677,16.14,0.95,1.76,rain,1016.39
678,16.14,0.95,1.84,rain,1016.45
679,16.14,0.95,1.93,rain,1016.51
680,16.14,0.95,2.02,rain,1016.57
681,16.26,0.95,2.08,rain,1016.61
682,16.36,0.94,2.15,rain,1016.65
683,16.47,0.93,2.23,rain,1016.69
684,19.43,0.83,3.12,rain,1016.58
685,20.07,0.82,3.3,rain,1016.6
686,20.71,0.81,3.48,rain,1016.62
687,21.35,0.81,3.67,rain,1016.65
688,21.99,0.8,3.86,rain,1016.67
689,21.99,0.81,3.85,rain,1016.66
690,21.99,0.82,3.84,rain,1016.66
691,21.99,0.82,3.83,rain,1016.65
692,21.99,0.83,3.82,rain,1016.64
693,21.89,0.83,3.71,rain,1016.61
694,21.78,0.83,3.6,rain,1016.57
695,21.67,0.83,3.5,rain,1016.53
696,21.57,0.82,3.39,rain,1016.5
697,21.18,0.85,3.76,rain,1016.44
698,20.78,0.88,4.14,rain,1016.38
699,20.39,0.9,4.53,rain,1016.33
700,20.01,0.93,4.93,rain,1016.27
701,20.01,0.92,4.14,rain,1016.2
702,20.01,0.91,3.36,rain,1016.14
703,20.01,0.9,2.58,rain,1016.07
704,20.01,0.89,1.83,rain,1016.01
705,19.9,0.87,2.0,rain,1015.96
706,19.79,0.86,2.19,rain,1015.9
707,19.68,0.84,2.37,rain,1015.85
708,19.58,0.83,2.57,rain,1015.79
709,19.26,0.88,3.58,rain,1015.68
710,19.37,0.88,3.34,rain,1015.68
711,19.47,0.88,3.11,rain,1015.69
712,19.58,0.88,2.87,rain,1015.69
713,19.58,0.87,2.97,rain,1015.73
714,19.58,0.85,3.12,rain,1015.76
715,19.58,0.84,3.33,rain,1015.8
716,19.58,0.83,3.56,rain,1015.83
717,19.6,0.83,3.7,rain,1015.89
718,19.62,0.84,3.84,rain,1015.96
719,19.64,0.84,3.97,rain,1016.02
720,19.66,0.85,4.1,rain,1016.08
721,19.53,0.85,3.56,rain,1016.14
722,19.41,0.86,3.01,rain,1016.21
723,19.28,0.87,2.47,rain,1016.28
724,19.15,0.87,1.95,rain,1016.35
725,19.28,0.87,2.21,rain,1016.41
726,19.41,0.86,2.49,rain,1016.48
727,19.53,0.85,2.79,rain,1016.54
728,19.66,0.85,3.1,rain,1016.6
729,19.43,0.86,2.82,rain,1016.64
730,19.19,0.87,2.56,rain,1016.68
731,18.96,0.88,2.32,rain,1016.72
732,21.57,0.8,4.54,rain,1016.61
733,21.67,0.8,4.62,rain,1016.63
734,21.78,0.8,4.71,rain,1016.65
735,21.89,0.8,4.81,rain,1016.68
736,21.99,0.8,4.9,rain,1016.7
737,22.16,0.77,3.55,rain,1016.69
738,22.32,0.73,2.19,rain,1016.69
739,22.49,0.69,0.89,rain,1016.68
740,22.66,0.66,0.67,rain,1016.67
741,22.74,0.67,1.1,rain,1016.64
742,22.83,0.69,2.63,rain,1016.6
743,22.91,0.71,4.19,rain,1016.56
744,22.99,0.73,5.75,rain,1016.53
745,22.89,0.74,6.04,rain,1016.47
746,22.78,0.75,6.34,rain,1016.41
747,22.68,0.76,6.64,rain,1016.35
748,22.57,0.77,6.94,rain,1016.3
749,22.57,0.78,6.85,rain,1016.23
750,22.57,0.78,6.76,rain,1016.17
751,22.57,0.78,6.68,rain,1016.1
752,22.57,0.78,6.6,rain,1016.04
753,22.57,0.78,6.39,rain,1015.98
754,22.57,0.78,6.18,rain,1015.93
755,22.57,0.78,5.97,rain,1015.88
756,22.57,0.78,5.75,rain,1015.82
757,22.32,0.79,5.57,rain,1015.79
758,22.07,0.81,5.4,rain,1015.76
759,21.82,0.82,5.22,rain,1015.73
760,21.57,0.83,5.05,rain,1015.71
761,21.32,0.86,4.94,rain,1015.71
762,21.07,0.89,4.83,rain,1015.71
763,20.83,0.91,4.73,rain,1015.72
764,20.58,0.94,4.62,rain,1015.72
765,20.58,0.93,4.52,rain,1015.76
766,20.58,0.92,4.42,rain,1015.79
767,20.58,0.92,4.32,rain,1015.83
768,20.58,0.91,4.22,rain,1015.86
769,20.05,0.92,3.22,rain,1015.92
770,19.52,0.94,2.3,rain,1015.98
771,18.99,0.96,1.61,rain,1016.04
772,18.47,0.97,1.5,rain,1016.1
773,18.53,0.98,1.19,rain,1016.17
774,18.59,0.98,0.96,rain,1016.24
775,18.66,0.99,0.88,rain,1016.31
776,18.73,0.99,0.99,rain,1016.38
777,18.73,0.98,1.15,rain,1016.44
778,18.73,0.97,1.31,rain,1016.51
779,18.73,0.96,1.48,rain,1016.57
780,18.73,0.96,1.65,rain,1016.63
781,18.73,0.95,1.81,rain,1016.67
782,18.73,0.94,1.98,rain,1016.71
783,18.73,0.94,2.16,rain,1016.75
784,21.43,0.79,3.92,rain,1016.64
785,21.82,0.77,4.47,rain,1016.66
786,22.21,0.76,5.02,rain,1016.68
787,22.61,0.75,5.56,rain,1016.7
788,22.99,0.73,6.11,rain,1016.73
789,22.96,0.74,6.19,rain,1016.72
790,22.92,0.74,6.28,rain,1016.71
791,22.89,0.74,6.37,rain,1016.71
792,22.85,0.74,6.47,rain,1016.7
793,22.89,0.75,6.63,rain,1016.66
794,22.92,0.76,6.78,rain,1016.63
795,22.96,0.77,6.94,rain,1016.59
796,22.99,0.78,7.09,rain,1016.55
797,22.99,0.78,7.08,rain,1016.5
798,22.99,0.77,7.06,rain,1016.44
799,22.99,0.76,7.04,rain,1016.38
800,22.99,0.75,7.02,rain,1016.32
801,22.99,0.76,7.17,rain,1016.26
802,22.99,0.76,7.3,rain,1016.19
803,22.99,0.76,7.45,rain,1016.13
804,22.99,0.76,7.59,rain,1016.07
805,22.99,0.77,7.45,rain,1016.01
806,22.99,0.77,7.3,rain,1015.96
807,22.99,0.78,7.17,rain,1015.9
808,22.99,0.78,7.02,rain,1015.85
809,22.74,0.79,6.89,rain,1015.82
810,22.49,0.81,6.78,rain,1015.79
811,22.24,0.82,6.68,rain,1015.76
812,21.99,0.83,6.59,rain,1015.73
813,21.74,0.84,6.15,rain,1015.74
814,21.49,0.85,5.7,rain,1015.74
815,21.25,0.85,5.25,rain,1015.74
816,21.0,0.86,4.81,rain,1015.75
817,20.89,0.87,4.99,rain,1015.78
818,20.79,0.88,5.19,rain,1015.82
819,20.68,0.9,5.38,rain,1015.86
820,20.58,0.91,5.58,rain,1015.89
821,20.58,0.9,5.41,rain,1015.95
822,20.58,0.89,5.24,rain,1016.01
823,20.58,0.89,5.07,rain,1016.07
824,20.58,0.88,4.9,rain,1016.13
825,20.58,0.88,4.97,rain,1016.2
826,20.58,0.87,5.03,rain,1016.27
827,20.58,0.87,5.11,rain,1016.34
828,20.58,0.86,5.17,rain,1016.41
829,20.58,0.85,5.56,rain,1016.47
830,20.58,0.84,5.95,rain,1016.53
831,20.58,0.84,6.33,rain,1016.6
832,20.58,0.83,6.73,rain,1016.66
833,20.58,0.84,6.43,rain,1016.7
834,20.58,0.84,6.14,rain,1016.74
835,21.0,0.76,7.89,rain,1016.48
836,21.25,0.74,8.1,rain,1016.53
837,21.49,0.72,8.32,rain,1016.57
838,21.74,0.71,8.55,rain,1016.62
839,21.99,0.69,8.78,rain,1016.66
840,22.1,0.69,8.61,rain,1016.69
841,22.21,0.69,8.45,rain,1016.71
842,22.31,0.69,8.29,rain,1016.73
843,22.42,0.69,8.14,rain,1016.76
844,22.31,0.69,8.24,rain,1016.75
845,22.21,0.69,8.36,rain,1016.74
846,22.1,0.69,8.48,rain,1016.73
847,21.99,0.69,8.62,rain,1016.73
848,22.1,0.69,8.41,rain,1016.69
849,22.21,0.69,8.2,rain,1016.65
850,22.31,0.69,7.99,rain,1016.62
851,22.42,0.7,7.77,rain,1016.58
852,22.42,0.7,7.79,rain,1016.52
853,22.42,0.7,7.81,rain,1016.46
854,22.42,0.7,7.83,rain,1016.41
855,22.42,0.71,7.86,rain,1016.35
856,22.42,0.7,7.93,rain,1016.28
857,22.42,0.69,7.99,rain,1016.22
858,22.42,0.68,8.06,rain,1016.16
859,22.42,0.67,8.14,rain,1016.09
860,22.31,0.68,7.92,rain,1016.04
861,22.21,0.69,7.71,rain,1015.98
862,22.1,0.7,7.51,rain,1015.93
863,21.99,0.71,7.32,rain,1015.88
864,22.1,0.71,6.51,rain,1015.85
865,22.21,0.7,5.71,rain,1015.82
866,22.31,0.7,4.93,rain,1015.79
867,22.42,0.7,4.17,rain,1015.76
868,22.31,0.69,3.6,rain,1015.76
869,22.21,0.69,3.2,rain,1015.77
870,22.1,0.68,3.04,rain,1015.77
871,21.99,0.67,3.16,rain,1015.77
872,21.74,0.71,3.22,rain,1015.81
873,21.49,0.75,3.29,rain,1015.85
874,21.25,0.79,3.35,rain,1015.88
875,21.0,0.83,3.43,rain,1015.92
876,20.89,0.84,4.26,rain,1015.98
877,20.79,0.84,5.19,rain,1016.04
878,20.68,0.85,6.18,rain,1016.1
879,20.58,0.85,7.2,rain,1016.16
880,20.58,0.85,6.06,rain,1016.23
881,20.58,0.84,4.96,rain,1016.3
882,20.58,0.83,3.93,rain,1016.37
883,20.58,0.83,3.04,rain,1016.44
884,20.58,0.83,2.76,rain,1016.5
885,20.58,0.84,2.58,rain,1016.56
886,20.58,0.85,2.51,rain,1016.62
887,20.58,0.85,2.57,rain,1016.69
888,20.58,0.85,2.0,rain,1016.72
889,20.58,0.84,1.49,rain,1016.76
890,20.16,0.9,5.38,rain,1016.69
891,20.51,0.89,4.23,rain,1016.71
892,20.86,0.88,3.09,rain,1016.74
893,21.21,0.86,2.0,rain,1016.76
894,21.57,0.85,1.08,rain,1016.78
895,21.71,0.84,0.61,rain,1016.78
896,21.86,0.82,0.6,rain,1016.77
897,22.0,0.81,1.05,rain,1016.76
898,22.14,0.79,1.61,rain,1016.75
899,22.39,0.78,1.59,rain,1016.72
900,22.64,0.76,1.58,rain,1016.68
901,22.89,0.74,1.6,rain,1016.64
902,23.14,0.73,1.63,rain,1016.61
903,23.39,0.71,0.67,rain,1016.55
904,23.65,0.69,1.63,rain,1016.49
905,23.9,0.68,3.04,rain,1016.43
906,24.15,0.66,4.5,rain,1016.37
907,24.26,0.64,4.71,rain,1016.31
908,24.37,0.62,4.96,rain,1016.25
909,24.47,0.59,5.23,rain,1016.18
910,24.58,0.57,5.54,rain,1016.12
911,24.33,0.6,5.4,rain,1016.06
912,24.08,0.64,5.26,rain,1016.01
913,23.82,0.67,5.12,rain,1015.96
914,23.57,0.7,4.98,rain,1015.9
915,23.32,0.72,4.46,rain,1015.87
916,23.07,0.74,4.08,rain,1015.84
917,22.82,0.76,3.87,rain,1015.82
918,22.57,0.77,3.86,rain,1015.79
919,22.46,0.77,3.64,rain,1015.79
920,21.14,0.82,0.89,rain,1015.95
921,21.04,0.83,0.89,rain,1016.01
922,20.93,0.83,0.89,rain,1016.07
923,20.83,0.84,0.89,rain,1016.13
924,20.72,0.84,0.89,rain,1016.19
925,20.58,0.85,0.93,rain,1016.26
926,20.44,0.86,0.98,rain,1016.33
927,20.29,0.87,1.06,rain,1016.4
928,20.16,0.87,1.17,rain,1016.47
929,20.01,0.88,1.31,rain,1016.53
930,19.87,0.88,1.45,rain,1016.59
931,19.72,0.88,1.6,rain,1016.65
932,19.58,0.88,1.75,rain,1016.71
933,19.58,0.89,1.73,rain,1016.75
934,19.58,0.9,1.75,rain,1016.79
935,21.99,0.71,1.82,rain,1016.72
936,22.24,0.7,2.02,rain,1016.74
937,22.49,0.7,2.22,rain,1016.76
938,22.74,0.7,2.42,rain,1016.79
939,22.99,0.7,2.63,rain,1016.81
940,22.89,0.71,2.05,rain,1016.8
941,22.78,0.73,1.47,rain,1016.8
942,22.68,0.74,0.89,rain,1016.79
943,22.57,0.75,0.32,rain,1016.78
944,22.71,0.75,0.46,rain,1016.74
945,22.86,0.74,0.89,rain,1016.71
946,23.0,0.73,1.35,rain,1016.67
947,23.14,0.73,1.83,rain,1016.63
948,23.14,0.73,1.87,rain,1016.57
949,23.14,0.74,1.91,rain,1016.52
950,23.14,0.75,1.95,rain,1016.46
951,23.14,0.76,1.99,rain,1016.4
952,23.0,0.76,1.59,rain,1016.34
953,22.86,0.77,1.18,rain,1016.27
954,22.71,0.78,0.79,rain,1016.21
955,22.57,0.78,0.43,rain,1016.14
956,22.57,0.77,0.39,rain,1016.09
957,22.57,0.75,0.56,rain,1016.04
958,22.57,0.74,0.81,rain,1015.98
959,22.57,0.73,1.09,rain,1015.93
960,22.57,0.73,1.17,rain,1015.9
961,22.57,0.73,1.25,rain,1015.87
962,22.57,0.73,1.33,rain,1015.84
963,22.57,0.73,1.42,rain,1015.81
964,22.18,0.74,1.41,rain,1015.82
965,21.78,0.75,1.48,rain,1015.82
966,21.39,0.76,1.61,rain,1015.82
967,21.0,0.77,1.8,rain,1015.83
968,20.64,0.79,1.86,rain,1015.87
969,20.29,0.82,1.92,rain,1015.9
970,19.93,0.85,1.98,rain,1015.94
971,19.58,0.88,2.05,rain,1015.97
972,19.37,0.89,1.77,rain,1016.04
973,19.15,0.89,1.53,rain,1016.1
974,18.94,0.9,1.34,rain,1016.16
975,18.73,0.91,1.22,rain,1016.22
976,18.73,0.9,1.23,rain,1016.29
977,18.73,0.89,1.27,rain,1016.36
978,18.73,0.89,1.31,rain,1016.42
979,18.73,0.88,1.36,rain,1016.49
980,18.62,0.88,1.42,rain,1016.56
981,18.51,0.88,1.49,rain,1016.62
982,18.41,0.88,1.56,rain,1016.68
983,18.3,0.88,1.64,rain,1016.74
984,18.16,0.89,1.51,rain,1016.78
985,18.01,0.9,1.38,rain,1016.82
986,20.01,0.76,1.5,rain,1016.74
987,20.26,0.76,1.5,rain,1016.77
988,20.51,0.76,1.5,rain,1016.79
989,20.75,0.76,1.5,rain,1016.81
990,21.0,0.76,1.5,rain,1016.84
991,21.16,0.76,1.77,rain,1016.83
992,21.32,0.75,2.04,rain,1016.82
993,21.48,0.75,2.32,rain,1016.81
994,21.65,0.75,2.6,rain,1016.81
995,21.73,0.74,3.04,rain,1016.77
996,21.82,0.74,3.52,rain,1016.73
997,21.91,0.74,4.01,rain,1016.7
998,21.99,0.73,4.53,rain,1016.66
999,21.85,0.74,4.43,rain,1016.6
